Number,Country,AltName,Region,Population,AllCrim,MenCrim,Life,Death,Const,Job,Hate,Incitement,CTBan,Union,Adopt,NegCount,ProCount,NeuCount,BothCount,Notes
1,Afghanistan,,GS,38928346,1,0,0,1,0,0,0,0,0,0,0,1,0,0,0,Homosexuality is widely seen as taboo in Afghanistan.
2,Albania,,GN,2877797,0,0,0,0,0,1,1,1,0,0,0,0,1,0,0,Albania decriminalized consensual same-sex sexual activity in January 1995.
3,Algeria,,GS,43851044,1,0,0,0,0,0,0,0,0,0,0,1,0,0,0,Political organizations aren't legally allowed to campaign for LGBTQ+ rights in Algeria.
4,Andorra,,GN,77265,0,0,0,0,0,1,1,0,0,1,1,0,1,0,0,"As of March 2020, Andorra's government is considering a bill to legalize same-sex marriage."
5,Angola,,GS,32866272,0,0,0,0,0,1,1,1,0,0,0,0,1,0,0,Angola's National Assembly legalized consensual same-sex sexual activity in January 2019.
6,Antigua and Barbuda,,GS,97929,1,0,0,0,0,0,0,0,0,0,0,1,0,0,0,"As recently as August 2016, the government of Antigua and Barbuda declared it had no intentions of repealing its ban on same-sex sexual activity."
7,Argentina,,GS,45195774,0,0,0,0,0,0,1,0,0,1,1,0,1,0,0,Argentina became the first country in Latin America to legalize same-sex marriage in July 2010.
8,Armenia,,GS,2963243,0,0,0,0,0,0,0,0,0,0,0,0,0,1,0,"Despite being decriminalized in 2003, homosexuality remains a taboo topic in many parts of Armenian society."
9,Australia,,GN,25499884,0,0,0,0,0,1,0,0,0,1,1,0,1,0,0,"Before European colonization, the indigenous peoples of Australia had no known punishments for homosexuality. It took until May 1997 for the last Australian jurisdiction to repeal anti-gay laws."
10,Austria,,GN,9006398,0,0,0,0,0,1,0,1,0,1,1,0,1,0,0,Legal same-sex marriage went into effect in Austria in January 2019.
11,Azerbaijan,,GS,10139177,0,0,0,0,0,0,0,0,0,0,0,0,0,1,0,"While Azerbaijan decriminalized same-sex sexual activity in 2000, its queer residents still have no protections from discrimination or violence."
12,Bahamas,,GS,393244,0,0,0,0,0,0,0,0,0,0,0,0,0,1,0,"Homosexuality is not criminalized in the Bahamas; however, almost three-quarters of Bahamians strongly disapproved of same-sex marriage in a 2015 survey."
13,Bahrain,,GS,1701575,0,0,0,0,0,0,0,0,0,0,0,0,0,1,0,Bahrain legalized gender reassignment surgeries in 2014.
14,Bangladesh,,GS,164689383,0,1,0,0,0,0,0,0,0,0,0,1,0,0,0,"In addition to the legal repercussions, Bangladeshi queer people who come out may face social rejection, hate, or assault."
15,Barbados,,GS,287375,1,0,1,0,0,0,0,0,0,0,0,1,0,0,0,"120 people marched in Barbados' first gay pride parade, in July 2018."
16,Belarus,,GS,9449323,0,0,0,0,0,0,0,0,0,0,0,0,0,1,0,"Same-sex sexual activity was legalized in Belarus in 1994, but homosexuality is still highly stigmatized."
17,Belgium,,GN,11589623,0,0,0,0,0,1,1,1,0,1,1,0,1,0,0,Belgium became the second-ever country to legalize same-sex marriage in 2003.
18,Belize,,GS,397628,0,0,0,0,0,0,0,0,0,0,0,0,0,1,0,Belize's Supreme Court declared its anti-sodomy law unconstitutional in 2016.
19,Benin,,GS,12123200,0,0,0,0,0,0,0,0,0,0,0,0,0,1,0,"Out queer people in Benin may face discrimination, violence, and extortion."
20,Bhutan,,GS,771608,0,1,0,0,0,0,0,0,0,0,0,1,0,0,0,"Bhutan's law criminalizing same-sex sexual acts is not enforced, and is being reviewed by the Parliament."
21,Bolivia,,GS,11673021,0,0,0,0,1,1,1,1,0,0,0,0,1,0,0,"Despite being one of the only countries that includes LGBTQ+ protections in its constitution, discrimination is still common in Bolivia."
22,Bosnia and Herzegovina,,GN,3280819,0,0,0,0,0,1,1,0,0,0,0,0,1,0,0,"About 2,000 people marched in Bosnia and Herzegovina's first pride parade in September 2019."
23,Botswana,,GS,2351627,1,0,0,0,0,1,0,0,0,0,0,1,1,0,1,"Botswana's High Court has been at the forefront of LGBTQ+ rights, making it one of Africa's most progressive countries."
24,Brazil,,GS,212559417,0,0,0,0,0,1,0,0,1,1,1,0,1,0,0,"Brazil is home to the world's largest pride celebration, the São Paulo Gay Pride Parade. "
25,Brunei Darussalam,Brunei,GS,437479,0,1,0,0,0,0,0,0,0,0,0,1,0,0,0,"OutRight Action International has described Brunei as ""the country that has the most worrisome state of rights for LGBT people in Southeast Asia."""
26,Bulgaria,,GN,6948445,0,0,0,0,0,1,0,1,0,0,0,0,1,0,0,"Outside of big cities, homosexuality is considered taboo in Bulgaria."
27,Burkina Faso,,GS,20903273,0,0,0,0,0,0,0,0,0,0,0,0,0,1,0,"The Constitution of Burkina Faso defines marriage as explicitly between a man and a woman, barring same-sex unions from being recognized."
28,Burundi,,GS,11890784,1,0,0,0,0,0,0,0,0,0,0,1,0,0,0,Same-sex marriages have been explicitly illegal in Burundi since its Constitution was adopted in 2005.
29,Cambodia,,GS,16718965,0,0,0,0,0,0,0,0,0,0,0,0,0,1,0,"Traditional Cambodian culture is generally tolerant, even supporting people who don't conform to the gender binary, but LGBTQ+ rights have not been legally enshrined."
30,Cameroon,,GS,26545863,1,0,0,0,0,0,0,0,0,0,0,1,0,0,0,"In addition to criminalizing same-sex sexual activity, Cameroon also criminalizes propositioning anyone of the same sex through electronic communications, as part of its Law on Cybersecurity and Cybercrime."
31,Canada,,GN,37742154,0,0,0,0,0,1,1,1,0,1,1,0,1,0,0,Canada is widely considered one of the most queer-friendly countries in the world; its government passed a law allowing any former criminal charges related to homosexuality to be expunged from official records.
32,Cape Verde,Cabo Verde,GS,555987,0,0,0,0,0,1,1,0,0,0,0,0,1,0,0,Cape Verde became the second African country to decriminalize homosexuality in 2004.
33,Central African Republic,,GS,4829767,0,0,0,0,0,0,0,0,0,0,0,0,0,1,0,"While same-sex sexual activity is legal in the Central African Republic, its penal code criminalizes public displays of affection between people of the same sex."
34,Chad,,GS,16425864,1,0,0,0,0,0,0,0,0,0,0,1,0,0,0,"Chad criminalized consensual same-sex sex acts in May 2017, a step backwards for LGBTQ+ rights."
35,Chile,,GS,19116201,0,0,0,0,0,1,1,0,0,1,0,0,1,0,0,Chile is one of the few countries that places no restrictions on allowing queer people to donate blood.
36,China,,GS,1439323776,0,0,0,0,0,0,0,0,0,0,0,0,0,1,0,Homosexuality was regarded as a normal facet of life in China prior to Western influence.
37,Colombia,,GS,50882891,0,0,0,0,0,1,1,1,0,1,1,0,1,0,0,"Despite Colombia's recent advances in LGBTQ+ rights, dozens of queer people are killed for their sexuality each year."
38,Comoros,,GS,869601,1,0,0,0,0,0,0,0,0,0,0,1,0,0,0,"Queer people in Comoros are regularly persecuted by the government, as well as facing significant social stigma."
39,Congo,Republic of the Congo,GS,5518087,0,0,0,0,0,0,0,0,0,0,0,0,0,1,0,"Same-sex relationships have been legal in Congo since 1940, even before it gained independence from French colonialism."
40,Cook Islands,,GS,17564,0,1,0,0,0,1,0,0,0,0,0,1,1,0,1,"Before the arrival of Christian missionaries, the traditional culture of the Cook Islands was accepting of homosexuality."
41,Costa Rica,,GS,5094118,0,0,0,0,0,0,0,0,0,0,0,0,0,1,0,Costa Rican President Carlos Alvarado Quesada issued an apology for its government's persecution of LGBTQ+ people.
42,Côte d'Ivoire,Ivory Coast,GS,26378274,0,0,0,0,0,0,0,0,0,0,0,0,0,1,0,"While Côte d'Ivoire doesn't criminalize homosexuality, social stigmatization of queer people is common."
43,Croatia,,GN,4105267,0,0,0,0,0,1,1,1,0,1,0,0,1,0,0,Croatia is one of 11 countries in the United Nations' LGBT Core Group on Ending Violence and Discrimination.
44,Cuba,,GS,11326616,0,0,0,0,0,1,0,0,0,0,0,0,1,0,0,"Cuba's National Assembly voted to legalize same-sex marriage in 2018, but that referendum was later removed from the Constitution."
45,Cyprus,,GN,1207359,0,0,0,0,0,1,0,1,0,1,0,0,1,0,0,"While Cyprus offers some legal protections to its queer citizens, a majority of Cypriots are members of the Greek Orthodox Church, which opposes LGBTQ+ rights."
46,Czech Republic,Czechia,GN,10708981,0,0,0,0,0,1,0,0,0,1,0,0,1,0,0,The Parliament of the Czech Republic is currently considering a law legalizing same-sex marriage.
47,Democratic Republic of the Congo,,GS,89561403,0,0,0,0,0,0,0,0,0,0,0,0,0,1,0,"Homosexuality is not criminalized in the DRC, but public decency laws have allowed people engaging in same-sex public displays of affection to be punished."
48,Denmark,,GN,5792202,0,0,0,0,0,1,1,1,0,1,1,0,1,0,0,LGBTQ+ advocacy groups have existed in Denmark as far back as 1948.
49,Djibouti,,GS,988000,0,0,0,0,0,0,0,0,0,0,0,0,0,1,0,"While same-sex sexual activity is not criminalized in Djibouti, discussing homosexuality is still considered taboo."
50,Dominica,,GS,71986,1,0,0,0,0,0,0,0,0,0,0,1,0,0,0,Dominica's Evangelical Association has advocated for the banning of queer visitors from the country.
51,Dominican Republic,,GS,10847910,0,0,0,0,0,0,0,0,0,0,0,0,0,1,0,"A majority of Dominican Republic residents are Catholic, and have conservative attitudes towards LGBTQ+ rights."
52,Ecuador,,GS,17643054,0,0,0,0,1,1,1,1,1,1,0,0,1,0,0,"Ecuador's penal code equates conversion therapy to torture, and punishes those who practice it with seven to ten years in prison."
53,Egypt,,GS,102334404,0,0,0,0,0,0,0,0,0,0,0,1,0,0,0,"While Egyptian law doesn't explicitly criminalize homosexuality, queer people are often punished under laws governing immorality."
54,El Salvador,,GS,6486205,0,0,0,0,0,0,1,0,0,0,0,0,1,0,0,"El Salvador has had only one openly gay public official: Hugo Salinas, the mayor of Intipucá from 2009 to 2012."
55,Equatorial Guinea,,GS,1402985,0,0,0,0,0,0,0,0,0,0,0,0,0,1,0,"A report from 2010 found that the government of Equatorial Guinea, while not criminalizing homosexuality, did little to dissuade discrimination against queer people."
56,Eritrea,,GS,3546421,1,0,0,0,0,0,0,0,0,0,0,1,0,0,0,Strong social taboos often prevent LGBTQ+ rights from being discussed in Eritrea.
57,Estonia,,GN,1326535,0,0,0,0,0,1,0,1,0,1,1,0,1,0,0,"While same-sex marriage isn't legal in Estonia, there is legal precedent for recognizing a same-sex marriage that was performed elsewhere."
58,Eswatini,Swaziland,GS,1160164,0,1,0,0,0,0,0,0,0,0,0,1,0,0,0,"In 2012, Eswatini's Minister of Foreign Affairs claimed that so few queer people lived there that there wouldn't be a point in introducing LGBTQ+ protections."
59,Ethiopia,,GS,114963588,1,0,0,0,0,0,0,0,0,0,0,1,0,0,0,Same-sex sexual activity has been illegal in Ethiopia as far back as the 13th century.
60,Fiji,,GS,896445,0,0,0,0,1,1,0,0,0,0,0,0,1,0,0,"In 1997, Fiji became the second country in the world to enshrine LGBTQ+ protections in its Constitution."
61,Finland,,GN,5540720,0,0,0,0,0,1,1,1,0,1,1,0,1,0,0,"Over three quarters of Finland's population supports same-sex marriage, according to polling from 2019."
62,France,,GN,65273511,0,0,0,0,0,1,1,1,0,1,1,0,1,0,0,France is frequently considered one of the most queer-friendly countries in the world.
63,Gabon,,GS,2225734,0,0,0,0,0,0,0,0,0,0,0,0,0,1,0,"In 2008, Gabon became one of only six African countries to sign a United Nations declaration calling for worldwide decriminalization of same-sex sexual activity."
64,Gambia,,GS,2416668,1,0,0,0,0,0,0,0,0,0,0,1,0,0,0,"In Gambia, same-sex sexual activity is criminalized as ""against the order of nature."""
65,Georgia,,GS,3989167,0,0,0,0,0,1,1,0,0,0,0,0,1,0,0,"In July 2017, Georgia's Constitutional Court repealed a ban on gay and bisexual men donating blood, a holdover from the HIV/AIDS crisis of the 1980s."
66,Germany,,GN,83783942,0,0,0,0,0,1,0,0,0,1,1,0,1,0,0,"Under Nazi rule, Germany saw convictions for homosexuality multiply by a factor of ten. Same-sex sexual relations remained criminalized until 1969."
67,Ghana,,GS,31072940,1,0,0,0,0,0,0,0,0,0,0,1,0,0,0,Homosexuality and certain sex acts are criminalized in the Ghanaian Criminal Code in the same subsection as bestiality.
68,Greece,,GN,10423054,0,0,0,0,0,1,1,1,0,1,0,0,1,0,0,Hate crime legislation in Greece offers some of the most comprehensive protections for LGBTQ+ people in Europe.
69,Grenada,,GS,112523,0,1,0,0,0,0,0,0,0,0,0,1,0,0,0,"In May 2013, the president of the Senate of Grenada called on the country to repeal its ban on sexual activity between men."
70,Guatemala,,GS,17915568,0,0,0,0,0,0,0,0,0,0,0,0,0,1,0,"Before the Spanish arrived in Guatemala, the Mayan civilization indigenous to the region was tolerant of same-sex relationships."
71,Guinea,,GS,13132795,1,0,0,0,0,0,0,0,0,0,0,1,0,0,0,"There are deep social, religious, and cultural taboos against homosexuality in Guinea."
72,Guinea-Bissau,,GS,1968001,0,0,0,0,0,0,0,0,0,0,0,0,0,1,0,"While there are no legal protections for queer people in Guinea-Bissau, a 2010 survey of 19 African countries found that Guinea-Bissau was among the most socially tolerant."
73,Guyana,,GS,786552,0,1,1,0,0,0,0,0,0,0,0,1,0,0,0,Guyana's President David A. Granger has supported recent efforts to decriminalize same-sex sexual activity.
74,Haiti,,GS,11402528,0,0,0,0,0,0,0,0,0,0,0,0,0,1,0,"While Haiti does not criminalize same-sex sexual activity, a broad ""vagrancy"" law is often used to target transgender and gender nonconforming people."
75,Honduras,,GS,9904607,0,0,0,0,0,1,1,1,0,0,0,0,1,0,0,"The LGBTQ+ community in Honduras faces high rates of violence and homicide, despite protections under hate crime legislation."
76,Hungary,,GN,9660351,0,0,0,0,0,1,1,1,0,1,0,0,1,0,0,"Hungary's Constitution defines marriage as only between a man and a woman, preventing same-sex unions from being held on equal footing."
77,Iceland,,GN,341243,0,0,0,0,0,1,0,1,0,1,1,0,1,0,0,"Iceland is widely considered one of the most queer-friendly countries in the world. The world's first openly gay head of state, Jóhanna Sigurðardóttir, was the Icelandic Prime Minister from February 2009 to May 2013."
78,India,,GS,1380004385,0,0,0,0,0,0,0,0,0,0,0,0,0,1,0,"India legalized consensual same-sex sexual activity in September 2018, a recent victory for queer rights."
79,Indonesia,,GS,273523615,0,0,0,0,0,0,0,0,0,0,0,0,0,1,0,"Several provinces in Indonesia criminalize consensual same-sex sexual acts, though the country as a whole doesn't."
80,Iran,,GS,83992949,1,0,0,1,0,0,0,0,0,0,0,1,0,0,0,"The Iranian Revolution of 1979 marked a step backwards for LGBTQ+ rights, as the conservative Islamic government made homosexuality explicitly illegal."
81,Iraq,,GS,40222493,0,0,0,0,0,0,0,0,0,0,0,1,0,0,0,"While same-sex sexual activity isn't technically illegal in Iraq, queer people still face persecution and extrajudicial punishment."
82,Ireland,,GN,4937786,0,0,0,0,0,1,0,1,0,1,1,0,1,0,0,"In the span of a single generation, most Irish people's opinions regarding the LGBTQ+ community have transformed from very conservative to very liberal."
83,Israel,,GN,8655535,0,0,0,0,0,1,0,0,0,1,1,0,1,0,0,"Tel Aviv, one of Israel's most populous cities, is considered one of the most gay-friendly cities in the world. Out magazine nicknamed it ""the gay capital of the Middle East."""
84,Italy,,GN,60461826,0,0,0,0,0,1,0,0,0,1,0,0,1,0,0,Some regions of Italy have far more comprehensive anti-discrimination laws than the national ban on employment discrimination based on sexual orientation.
85,Jamaica,,GS,2961167,0,1,0,0,0,0,0,0,0,0,0,1,0,0,0,"Time magazine labelled Jamaica as ""the most homophobic place on Earth"" in 2006; polls a decade later showed that 88 percent of Jamaicans still disapproved of homosexuality."
86,Japan,,GN,126476461,0,0,0,0,0,0,0,0,0,0,0,0,0,1,0,Japanese culture has no history of intolerance towards same-sex relationships; but Japan still specifies no legal protections or recognitions for its LGBTQ+ citizens.
87,Jordan,,GS,10203134,0,0,0,0,0,0,0,0,0,0,0,0,0,1,0,"While Jordan decriminalized same-sex sexual activity in 1951, queer people can still be targeted for public displays of affection under a law condemning the disruption of ""public morality."""
88,Kazakhstan,,GS,18776707,0,0,0,0,0,0,0,0,0,0,0,0,0,1,0,"Kazakhstan repealed a law banning same-sex sexual activity in 1998, but has not implemented any legal protections for the LGBTQ+ community."
89,Kenya,,GS,53771296,0,1,0,0,0,0,0,0,0,0,0,1,0,0,0,"Nairobi's Cosmopolitan Affirming Church is the first openly queer-affirming church in Kenya, despite continued criminalization of sexual activity between men."
90,Kiribati,,GS,119449,0,1,0,0,0,1,0,0,0,0,0,1,1,0,1,"Despite continued criminalization of homosexuality, Kiribati voted against removing a United Nations expert focused on sexual orientation- and gender identity-based violence and discrimination."
91,Kosovo,,GN,1873160,0,0,0,0,0,1,1,0,0,0,0,0,1,0,0,Kosovo held its first-ever gay pride parade in May 2016; President Hashim Thaçi and the U.S. and British ambassadors to Kosovo were in attendance.
92,Kuwait,,GS,4270571,0,1,0,0,0,0,0,0,0,0,0,1,0,0,0,"Kuwait's government has been known to crack down not just on homosexuality, but also on the display of symbols associated with the queer community, including the rainbow flag."
93,Kyrgyzstan,,GS,6524195,0,0,0,0,0,0,0,0,0,0,0,0,0,1,0,"Kyrgyzstan's Parliament is close to passing a bill that would criminalize any expressions that create ""a positive attitude toward non-traditional sexual relations,"" including same-sex relationships."
94,Laos,,GS,7275560,0,0,0,0,0,0,0,0,0,0,0,0,0,1,0,"While Laos' government does not provide any LGBTQ+ protections, a queer activist called the predominant cultural attitudes ""quite open-minded."""
95,Latvia,,GN,1886198,0,0,0,0,0,1,0,0,0,0,0,0,1,0,0,"Latvia's Foreign Minister, Edgars Rinkēvičs, is the only openly queer elected official in the country; he came out via Twitter in 2014."
96,Lebanon,,GS,6825445,0,1,0,0,0,0,0,0,0,0,0,1,0,0,0,Recent polls show that up to 85 percent of Lebanon's population believes homosexuality should not be accepted by society.
97,Lesotho,,GS,2142249,0,0,0,0,0,0,0,0,0,0,0,0,0,1,0,"Lesotho held its first gay pride march in May 2013, the year after it legalized same-sex sexual activity."
98,Liberia,,GS,5057681,1,0,0,0,0,0,0,0,0,0,0,1,0,0,0,"The Liberian government remains staunchly opposed to decriminalizing homosexuality, refusing to recognize a LGBTQ+ rights organization in 2012."
99,Libya,,GS,6871292,1,0,0,0,0,0,0,0,0,0,0,1,0,0,0,"Libya has only one LGBTQ+ rights organization, Kun Libya."
100,Liechtenstein,,GN,38128,0,0,0,0,0,1,0,0,0,1,0,0,1,0,0,Liechtenstein's government is considering the legalization of second-parent adoption in the case of same-sex civil partners.
101,Lithuania,,GN,2722289,0,0,0,0,0,1,1,1,0,0,0,0,1,0,0,"There are small queer communities in certain Lithuanian cities, but because of the sparse population, there is no active queer community on a national level."
102,Luxembourg,,GN,625978,0,0,0,0,0,1,1,1,0,1,1,0,1,0,0,Polls from 2019 reveal that Luxembourgers have some of the European Union's most tolerant attitudes towards LGBTQ+ people.
103,Macau,,GN,649335,0,0,0,0,0,1,0,0,0,0,0,0,1,0,0,"A 2013 bill in Macau would have recognized same-sex civil unions, but it only received one affirmative vote."
104,Madagascar,,GS,27691018,0,0,0,0,0,0,0,0,0,0,0,0,0,1,0,"The age of consent for same-sex relationships in Madagascar is 21; for opposite-sex relationships, it's 14."
105,Malawi,,GS,19129952,1,0,0,0,0,0,0,0,0,0,0,1,0,0,0,"Despite having an anti-gay law on the books, Malawi's government has pledged not to enforce it."
106,Malaysia,,GS,32365999,1,0,0,0,0,0,0,0,0,0,0,1,0,0,0,"Discrimination against queer people is pervasive in Malaysia, according to Human Rights Watch."
107,Maldives,,GS,540544,1,0,0,0,0,0,0,0,0,0,0,1,0,0,0,"Homosexuality is rarely prosecuted in the Maldives, but queer people face significant social stigma."
108,Mali,,GS,20250833,0,0,0,0,0,0,0,0,0,0,0,0,0,1,0,"While Mali doesn't officially criminalize same-sex relationships, LGBTQ+ people are sometimes targeted under ""public indecency"" laws."
109,Malta,,GN,441543,0,0,0,0,1,1,1,1,1,1,1,0,1,0,0,Malta has been ranked first among European countries in terms of LGBTQ+ protections and recognitions since 2015.
110,Marshall Islands,,GS,59190,0,0,0,0,0,0,0,0,0,0,0,0,0,1,0,"The traditional culture of the Marshall Islands has a ""third gender"" community, thought to combine the strengths of both men and women."
111,Mauritania,,GS,4649658,1,0,0,1,0,0,0,0,0,0,0,1,0,0,0,Mauritania's death penalty for same-sex sexual activity only applies to men; women face a prison sentence and a fine. 
112,Mauritius,,GS,1271768,0,1,0,0,0,1,0,0,0,0,0,1,1,0,1,"While Mauritius criminalizes same-sex sexual activities, social attitudes have become more tolerant, particularly among younger generations."
113,Mexico,,GS,128932753,0,0,0,0,1,1,0,1,0,1,0,0,1,0,0,"Indigenous societies in Mexico have historically accepted queer identities and relationships; in modern times, major cities are considered to be the most tolerant of LGBTQ+ people. "
114,Micronesia,Federated States of Micronesia,GS,115023,0,0,0,0,0,0,0,0,0,0,0,0,0,1,0,"While those in same-sex relationships are protected under anti-discrimination laws in Micronesia, those of marginalized gender identities are not."
115,Moldova,,GN,4033963,0,0,0,0,0,1,0,0,0,0,0,0,1,0,0,Moldova has consistently ranked near the bottom of all European countries in terms of LGBTQ+ protections.
116,Monaco,,GN,39242,0,0,0,0,0,0,0,1,0,0,0,0,1,0,0,"Monaco legalized same-sex sexual activity in 1793, but has made little progress since then."
117,Mongolia,,GS,3278290,0,0,0,0,0,1,1,0,0,0,0,0,1,0,0,"The first queer rights organization in Mongolia was established in 1999; its name, Tavilan, means ""destiny"" in Mongolian."
118,Montenegro,,GN,628066,0,0,0,0,0,1,1,1,0,0,0,0,1,0,0,"Though Montenegro bans certain types of LGBTQ+ discrimination, the country has yet to reach high levels of acceptance."
119,Morocco,,GS,36910560,1,0,0,0,0,0,0,0,0,0,0,1,0,0,0,"Morocco's penal code condemns same-sex relationships as ""lewd"" and ""unnatural."""
120,Mozambique,,GS,31255435,0,0,0,0,0,1,0,0,0,0,0,0,1,0,0,Mozambique removed its criminalization of same-sex relationships in June 2015.
121,Myanmar,,GS,54409800,0,1,0,0,0,0,0,0,0,0,0,1,0,0,0,"Queer activists have noted an improvement in social attitudes towards LGBTQ+ people in Myanmar, despite a lack of improved legislation."
122,Namibia,,GS,2540905,0,1,0,0,0,0,0,0,0,0,0,1,0,0,0,"Despite their lack of legal protections, Namibian queer people face less persecution and discrimination than in most other African countries."
123,Nauru,,GS,10824,0,0,0,0,0,0,0,0,0,0,0,0,0,1,0,"Same-sex sexual activity was criminalized as a result of Australian colonization in 1921; it was not legalized again until 2016, decades after its independence."
124,Nepal,,GS,29136808,0,0,0,0,1,1,0,0,0,0,0,0,1,0,0,The Nepalese Constitution is one of the few in the world that recognize LGBTQ+ rights as fundamental human rights.
125,Netherlands,,GN,17134872,0,0,0,0,0,1,0,1,0,1,1,0,1,0,0,"Amsterdam, capital of the Netherlands, is home to the Homomonument, the first monument in the world to commemorate queer lives lost during World War II."
126,New Zealand,,GN,4822233,0,0,0,0,0,1,1,0,0,1,1,0,1,0,0,New Zealand gave same-sex couples the right to marriage as well as adoption in 2013.
127,Nicaragua,,GS,6624554,0,0,0,0,0,1,1,1,0,0,0,0,1,0,0,"A local queer rights group, Movimiento de la Diversidad Sexual, estimates that about 10 percent of Nicaragua's population is gay."
128,Niger,,GS,24206644,0,0,0,0,0,0,0,0,0,0,0,0,0,1,0,Queer people in Niger commonly face societal discrimination for their sexual orientation or gender identity.
129,Nigeria,,GS,206139589,1,0,0,1,0,0,0,0,0,0,0,1,0,0,0,Homophobic violence is common in Nigeria; queer people often seek asylum in other countries with more progressive laws.
130,North Korea,Democratic People's Republic of Korea,GS,25778816,0,0,0,0,0,0,0,0,0,0,0,0,0,1,0,"While North Korea has neither criminalizations nor protections for LGBTQ+ people, positive depictions of queer people and endorsements of queer rights are strictly prohibited."
131,North Macedonia,Macedonia,GN,2083374,0,0,0,0,0,1,0,0,0,0,0,0,1,0,0,North Macedonia was ranked in the ten worst European countries for queer tourists in 2019.
132,Norway,,GN,5421241,0,0,0,0,0,1,1,1,0,1,1,0,1,0,0,"In addition to sexual orientation protections, Norway is also progressive in terms of attitudes towards marginalized gender identities; in 2016, it became the fourth European country to allow transgender people to self-determine their legal gender."
133,Oman,,GS,5106626,1,0,0,0,0,0,0,0,0,0,0,1,0,0,0,"Advocating for LGBTQ+ rights is a crime in Oman, despite anecdotal suggestions that social attitudes are more tolerant of queer people than in other countries in its region."
134,Pakistan,,GS,220892340,0,1,0,1,0,0,0,0,0,0,0,1,0,0,0,Pakistan's criminalization of same-sex sexual activity dates back to British occupation; the law isn't always enforced in modern times.
135,Palau,,GS,18094,0,0,0,0,0,0,0,0,0,0,0,0,0,1,0,Palau removed its law criminalizing same-sex sexual activity in July 2014.
136,Palestine,,GS,5101414,0,0,0,0,0,0,0,0,0,0,0,0,0,1,0,"While the rest of Palestine doesn't criminalize same-sex sexual activity, the region of Gaza still does."
137,Panama,,GS,4314767,0,0,0,0,0,0,0,0,0,0,0,0,0,1,0,"Before Spanish colonization, Panama's indigenous culture was tolerant of same-sex relationships; 300 years of Spanish rules resulted in sexuality becoming a social taboo."
138,Papua New Guinea,,GS,8947024,0,1,0,0,0,0,0,0,0,0,0,1,0,0,0,Papua New Guinea does not enforce its law criminalizing sexual activity between men.
139,Paraguay,,GS,7132538,0,0,0,0,0,0,0,0,0,0,0,0,0,1,0,A pending lawsuit in Paraguay is expected to result in the recognition of same-sex marriage.
140,Peru,,GS,32971854,0,0,0,0,0,1,1,1,0,0,0,0,1,0,0,"Many indigenous civilizations in Peru had tolerant and accepting attitudes towards same-sex relationships. Due to the influence of the Catholic Church in Peru's colonial past, social attitudes became much more conservative."
141,Philippines,,GS,109581078,0,0,0,0,0,0,0,0,0,0,0,0,0,1,0,"The Philippines is considered one of the most queer-friendly countries in Asia; however, LGBTQ+ individuals still face discrimination and have no legal protections."
142,Poland,,GN,37846611,0,0,0,0,0,1,0,0,0,0,0,0,1,0,0,"While Poland doesn't nationally criminalize same-sex sexual activitiies, conservative municipalities encompassing about one-third of the country have declared themselves ""LGBT-free zones."""
143,Portugal,,GN,10196709,0,0,0,0,1,1,1,1,0,1,1,0,1,0,0,"In June 2010, Portugal became the tenth country in the world to legalize same-sex marriage."
144,Qatar,,GS,2881053,1,0,0,1,0,0,0,0,0,0,0,1,0,0,0,There are no known cases of Qatar enforcing its death penalty for same-sex sexual activity.
145,Romania,,GN,19237691,0,0,0,0,0,1,1,0,0,0,0,0,1,0,0,"While Romania has been lauded for taking steps to protect LGBTQ+ rights, a 2016 poll found that 85 percent of Romanians disapproved of homosexuality."
146,Russia,,GN,145934462,0,0,0,0,0,0,0,0,0,0,0,0,0,1,0,"Russians generally hold conservative views towards queerness, but large cities such as Moscow have significant LGBTQ+ communities."
147,Rwanda,,GS,12952218,0,0,0,0,0,0,0,0,0,0,0,0,0,1,0,"It's considered taboo to discuss LGBTQ+ issues in Rwanda, making it difficult for advocacy groups to campaign for queer rights."
148,Saint Kitts & Nevis,,GS,53199,0,1,0,0,0,0,0,0,0,0,0,1,0,0,0,"In March 2005, a cruise ship carrying queer passengers was barred from docking in Saint Kitts & Nevis, to prevent homosexuality from being ""a part of our culture."""
149,Saint Lucia,,GS,183627,1,0,0,0,0,1,0,0,0,0,0,1,1,0,1,Saint Lucia reportedly does not enforce its law banning same-sex sexual activity.
150,Saint Vincent & the Grenadines,,GS,110940,1,0,0,0,0,0,0,0,0,0,0,1,0,0,0,"The Prime Minister of Saint Vincent and the Grenadines, Ralph Gonsalves, has advocated for an open discussion about homosexuality and homophobia."
151,Samoa,,GS,198414,0,1,0,0,0,1,1,0,0,0,0,1,1,0,1,"Samoan culture is tolerant towards transgender people, but not towards same-sex relationships."
152,San Marino,,GN,33931,0,0,0,0,0,0,1,1,0,1,1,0,1,0,0,San Marino legalized same-sex civil unions in February 2019.
153,São Tome & Principe,,GS,219159,0,0,0,0,0,0,1,0,0,0,0,0,1,0,0,São Tomé and Príncipe was one of few African nations to condemn violence and discrimination against LGBTQ+ people in a United Nations statement.
154,Saudi Arabia,,GS,34813871,1,0,0,1,0,0,0,0,0,0,0,1,0,0,0,"Saudi social norms are heavily influenced by conservative Muslim ideologies, leading to many queer identities being viewed as immoral."
155,Senegal,,GS,16743927,1,0,0,0,0,0,0,0,0,0,0,1,0,0,0,"As recently as 2013, more than 90 percent of Senegalese people believed that homosexuality should not be accepted in society."
156,Serbia,,GN,8737371,0,0,0,0,0,1,1,1,0,0,0,0,1,0,0,"In June 2017, Ana Brnabić became Serbia's first openly gay Prime Minister, and the world's second openly gay head of state."
157,Seychelles,,GS,98347,0,0,0,0,0,1,0,0,0,0,0,0,1,0,0,"While same-sex marriage is still illegal in Seychelles, a British man and a Seychellois man were married by the British High Commissioner to Seychelles in June 2015."
158,Sierra Leone,,GS,7976983,0,1,0,0,0,0,0,0,0,0,0,1,0,0,0,"Despite criminalizing sexual activity between men, Sierra Leone was one of five African countries to sign a United Nations statement condemning sexual orientation- and gender identity-based violence."
159,Singapore,,GN,5850342,0,1,0,0,0,0,0,0,0,0,0,1,0,0,0,"Singapore's anti-gay law is unevenly enforced, and is being challenged in courts."
160,Slovakia,,GN,5459642,0,0,0,0,0,1,1,0,0,0,0,0,1,0,0,"While Slovakia does not recognize same-sex marriages or civil unions, it does recognize a same-sex life partner's right to inheritance."
161,Slovenia,,GN,2078938,0,0,0,0,0,1,0,1,0,1,1,0,1,0,0,"Same-sex couples who enter a civil union in Slovenia have limited rights to inheritance and social security compared to straight, married couples."
162,Solomon Islands,,GS,686884,1,0,0,0,0,0,0,0,0,0,0,1,0,0,0,"The Solomon Islands Law Reform Commission proposed legalizing same-sex sexual activity in December 2008, but the government strongly opposed the proposal."
163,Somalia,,GS,15893222,1,0,0,1,0,0,0,0,0,0,0,1,0,0,0,"Queerness remains a taboo topic in Somalia, with almost no public discussions of sexual orientation."
164,South Africa,,GS,59308690,0,0,0,0,1,1,0,1,0,1,1,0,1,0,0,"Indigenous communities in South Africa had accepting attitudes towards same-sex relationships; they were criminalized under colonialism and the Apartheid era. Post-Apartheid, queer South Africans successfully campaigned for the inclusion of LGBTQ+ rights in the South African Constitution."
165,South Korea,Republic of Korea,GN,51269185,0,0,0,0,0,1,0,0,0,0,0,0,1,0,0,"In October 2014, some South Korean lawmakers introduced a bill to legalize same-sex marriage, but it was never brought to a vote."
166,South Sudan,,GS,11193725,1,0,0,0,0,0,0,0,0,0,0,1,0,0,0,"Same-sex marriage is banned in South Sudan's Constitution, and social attitudes are generally conservative on the matter of sexual orientation."
167,Spain,,GN,46754778,0,0,0,0,0,1,1,1,0,1,1,0,1,0,0,"Queer culture has made its mark in Spanish literature, music, and cinema; Spain is considered one of the most queer-friendly nations in the world."
168,Sri Lanka,,GS,21413249,1,0,0,0,0,0,0,0,0,0,0,1,0,0,0,"Though Sri Lanka's anti-gay law was ruled unenforceable by its Supreme Court, police still use its threat to harass LGBTQ+ individuals."
169,Sudan,,GS,43849260,1,0,0,1,0,0,0,0,0,0,0,1,0,0,0,"While Sudan criminalizes same-sex sexual activity, evidence suggests that tribal societies native to the area did not have the same intolerant attitudes towards queerness."
170,Suriname,,GS,586632,0,0,0,0,0,1,0,1,0,0,0,0,1,0,0,"The age of consent for same-sex relationships in Suriname is 18, compared to 16 for straight couples."
171,Sweden,,GN,10099265,0,0,0,0,1,1,0,0,0,1,1,0,1,0,0,"In 2009, Sweden became the seventh country in the world to legalize same-sex marriage."
172,Switzerland,,GN,8654622,0,0,0,0,0,1,0,1,0,1,0,0,1,0,0,"In September 2019, Switzerland's National Council voted in favor of a motion requiring the documentation of all homophobic hate crimes."
173,Syria,,GS,17500658,1,0,0,0,0,0,0,0,0,0,0,1,0,0,0,"Before Syria's Civil War, Aleppo and Damascus were home to underground queer communities."
174,Taiwan,,GN,23816775,0,0,0,0,0,1,0,0,0,0,0,0,1,0,0,"Taiwan's sexual orientation-related rights are considered the most progressive of any Asian country, but gender identity-related rights are somewhat more conservative."
175,Tajikistan,,GS,9537645,0,0,0,0,0,0,0,0,0,0,0,0,0,1,0,"Tajik society tends to be socially conservative, meaning attitudes don't favor LGBTQ+ rights."
176,Tanzania,,GS,59734218,1,0,1,0,0,0,0,0,0,0,0,1,0,0,0,"The Tanzanian government has been increasingly hostile to queer people, going so far as to call same-sex relationships ""un-African."""
177,Thailand,,GS,69799978,0,0,0,0,0,1,0,0,0,0,0,0,1,0,0,"Thailand is considered a queer-friendly tourist destination, but LGBTQ+ residents still face discrimination and intolerance."
178,Timor-Leste,East Timor,GS,1318445,0,0,0,0,0,0,1,0,0,0,0,0,1,0,0,"Timor-Leste is considered a leader in human rights in Southeast Asia, including LGBTQ+ rights, despite its lack of recognition for same-sex marriages or civil unions."
179,Togo,,GS,8278724,0,1,0,0,0,0,0,0,0,0,0,1,0,0,0,"In addition to prison time, those prosecuted for same-sex sexual activity in Togo face a fine of up to the equivalent of $1,000."
180,Tonga,,GS,105695,0,1,0,0,0,0,0,0,0,0,0,1,0,0,0,Many queer residents of Tonga emigrate to other more tolerant countries to live a more open life.
181,Trinidad and Tobago,,GS,1399488,0,0,0,0,0,0,0,0,0,0,0,0,0,1,0,"Trinidad and Tobago struck down its law banning same-sex sexual activities, as well as certain sexual acts regardless of the participants' genders, in 2017."
182,Tunisia,,GS,11818619,1,0,0,0,0,0,0,0,0,0,0,1,0,0,0,Tunisian authorities sometimes use the criminalization of same-sex sexual activities to detain people based on appearance alone.
183,Turkey,,GN,84339067,0,0,0,0,0,0,0,0,0,0,0,0,0,1,0,"Turkey is more queer-friendly than some other Middle Eastern countries, but social attitudes tend to be conservative and intolerant of same-sex relationships. "
184,Turkmenistan,,GS,6031200,0,1,0,0,0,0,0,0,0,0,0,1,0,0,0,Turkmenistan is one of just two former members of the Soviet Union that has yet to decriminalize homosexuality.
185,Tuvalu,,GS,11792,0,1,0,0,0,0,0,0,0,0,0,1,0,0,0,Tuvalu's criminalization of sexual activity between men is reportedly not enforced.
186,Uganda,,GS,45741007,1,0,1,0,0,0,0,0,0,0,0,1,0,0,0,"Before British colonialism, Ugandan society was accepting of same-sex relationships; but the British Empire's anti-gay laws were kept even after Uganda gained its independence."
187,Ukraine,,GS,43733762,0,0,0,0,0,1,0,0,0,0,0,0,1,0,0,"Ukraine's constitution specifically defines marriage as between a man and a woman, a significant barrier to the recognition of same-sex marriages."
188,United Arab Emirates,,GS,9890402,1,0,0,1,0,0,0,0,0,0,0,1,0,0,0,Same-sex sexual activity in the United Arab Emirates is governed under the same law as adultery and nonconsensual sex.
189,United Kingdom,Great Britain,GN,67886011,0,0,0,0,0,1,1,1,0,1,1,0,1,0,0,"In January 2017, the United Kingdom issued posthumous pardons to thousands of gay men who had been prosecuted under old anti-gay laws."
190,United States,,GN,331002651,0,0,0,0,0,0,1,0,0,1,1,0,1,0,0,"While certain LGBTQ+ rights and protections are enacted on a federal level in the United States, some laws only exist in certain more progressive states."
191,Uruguay,,GS,3473730,0,0,0,0,0,1,1,1,0,1,1,0,1,0,0,"Uruguay is frequently considered the most queer-friendly country in South America, called ""a model for social inclusion"" by Americas Quarterly."
192,Uzbekistan,,GS,33469203,0,1,0,0,0,0,0,0,0,0,0,1,0,0,0,Uzbekistan is one of just two former members of the Soviet Union that has yet to decriminalize homosexuality.
193,Vanuatu,,GS,307145,0,0,0,0,0,0,0,0,0,0,0,0,0,1,0,Vanuatu repealed its law criminalizing same-sex sexual activity in 2007.
194,Vatican City,,GN,825,0,0,0,0,0,0,0,0,0,0,0,0,0,1,0,"While Vatican City does not criminalize homosexuality, it does not allow people in same-sex relationships to act as foreign diplomats."
195,Venezuela,,GS,28435940,0,0,0,0,0,1,0,0,0,0,0,0,1,0,0,Same-sex marriages and civil unions are specifically banned in the Venezuelan Constitution.
196,Vietnam,,GS,97338579,0,0,0,0,0,0,0,0,0,0,0,0,0,1,0,Vietnam held its first gay pride parade in Hanoi in August 2012.
197,Yemen,,GS,29825964,1,0,0,1,0,0,0,0,0,0,0,1,0,0,0,The death penalty for Yemen's anti-gay law is reportedly not enforced.
198,Zambia,,GS,18383955,1,0,1,0,0,0,0,0,0,0,0,1,0,0,0,Zambia's social attitudes mirror those of fundamental Evangelical missionaries who came to the region during British colonial times.
199,Zimbabwe,,GS,14862924,0,1,0,0,0,0,0,0,0,0,0,1,0,0,0,"Queer people in Zimbabwe face marginalization, discrimination, and conservative social attitudes."